               epoch,      train/box_loss,      train/obj_loss,      train/cls_loss,   metrics/precision,      metrics/recall,     metrics/mAP_0.5,metrics/mAP_0.5:0.95,        val/box_loss,        val/obj_loss,        val/cls_loss,               x/lr0,               x/lr1,               x/lr2
                   0,            0.056207,            0.020141,                   0,          0.00066667,                 0.2,          0.00052933,          5.2933e-05,             0.12115,            0.019811,                   0,             0.11497,            9.24e-05,            9.24e-05
                   1,             0.11568,            0.024964,                   0,          0.00033333,                 0.1,          0.00020614,          2.0614e-05,             0.11941,            0.019907,                   0,             0.11284,          0.00027635,          0.00027635
                   2,             0.11028,            0.025074,                   0,          0.00066667,                 0.2,           0.0013017,          0.00013017,             0.11692,            0.020091,                   0,              0.1107,          0.00045918,          0.00045918
                   3,             0.11051,            0.027514,                   0,          0.00033333,                 0.1,           0.0009178,           9.178e-05,             0.11556,            0.020296,                   0,             0.10856,          0.00064088,          0.00064088
                   4,             0.10318,            0.029611,                   0,               0.001,                 0.3,           0.0019875,          0.00037787,             0.11275,            0.020468,                   0,             0.10642,          0.00082146,          0.00082146
                   5,            0.098242,            0.035301,                   0,           0.0013333,                 0.4,           0.0022658,          0.00052823,             0.11038,            0.020587,                   0,             0.10428,           0.0010009,           0.0010009
                   6,             0.10231,            0.025788,                   0,               0.001,                 0.3,           0.0082694,           0.0014855,             0.10791,            0.020745,                   0,             0.10213,           0.0011792,           0.0011792
                   7,            0.092595,            0.031792,                   0,           0.0016667,                 0.5,           0.0022814,          0.00065816,             0.10794,            0.020133,                   0,             0.09999,           0.0013564,           0.0013564
                   8,            0.096537,            0.023979,                   0,           0.0013333,                 0.4,           0.0022063,          0.00046849,             0.10734,            0.019879,                   0,            0.097846,           0.0015325,           0.0015325
                   9,            0.083839,            0.026596,                   0,               0.001,                 0.3,           0.0018159,          0.00033951,             0.10309,            0.020968,                   0,              0.0957,           0.0017074,           0.0017074
                  10,            0.090297,            0.025714,                   0,           0.0013333,                 0.4,           0.0014357,          0.00035825,            0.098772,            0.022053,                   0,            0.093553,           0.0018812,           0.0018812
                  11,            0.081279,             0.02868,                   0,           0.0013333,                 0.4,            0.004871,          0.00078846,            0.092991,             0.02376,                   0,            0.091405,           0.0020539,           0.0020539
                  12,            0.071575,            0.031566,                   0,           0.0016667,                 0.5,           0.0049066,           0.0009545,            0.089147,            0.025021,                   0,            0.089255,           0.0022255,           0.0022255
                  13,            0.069786,            0.037207,                   0,           0.0013333,                 0.4,            0.004008,           0.0023467,            0.087221,            0.025431,                   0,            0.087105,           0.0023959,           0.0023959
                  14,             0.07689,            0.027631,                   0,               0.002,                 0.6,           0.0081753,           0.0027305,            0.085911,            0.025732,                   0,            0.084954,           0.0025652,           0.0025652
                  15,             0.03838,            0.017281,                   0,               0.002,                 0.6,            0.011156,           0.0041457,            0.083079,            0.026375,                   0,            0.082801,           0.0027334,           0.0027334
                  16,             0.06829,            0.034087,                   0,           0.0023333,                 0.7,            0.022881,           0.0077254,            0.079436,            0.027413,                   0,            0.080647,           0.0029004,           0.0029004
                  17,            0.069968,            0.030042,                   0,           0.0023333,                 0.7,            0.027622,            0.005369,            0.081588,            0.026479,                   0,            0.078492,           0.0030664,           0.0030664
                  18,            0.073683,            0.027832,                   0,           0.0026667,                 0.8,           0.0099224,           0.0035673,            0.078879,            0.027558,                   0,            0.076336,           0.0032312,           0.0032312
                  19,            0.062333,            0.029905,                   0,           0.0082266,                 0.5,              0.0301,           0.0055976,            0.075624,            0.028653,                   0,            0.074179,           0.0033948,           0.0033948
                  20,            0.059705,            0.042877,                   0,           0.0057274,                 0.7,           0.0094997,           0.0027758,            0.072194,             0.03049,                   0,            0.072021,           0.0035574,           0.0035574
                  21,            0.051899,             0.03756,                   0,             0.01305,                 0.5,            0.029333,           0.0087966,            0.070162,            0.032223,                   0,            0.069862,           0.0037188,           0.0037188
                  22,            0.055169,            0.037409,                   0,            0.011139,                 0.5,            0.024752,           0.0048775,            0.073134,            0.034579,                   0,            0.067701,           0.0038791,           0.0038791
                  23,            0.050469,            0.040856,                   0,            0.013288,                 0.6,            0.021047,            0.006819,            0.070564,            0.039259,                   0,            0.065539,           0.0040382,           0.0040382
                  24,            0.065386,            0.025701,                   0,            0.014325,                 0.6,             0.01945,           0.0046924,            0.074321,            0.038938,                   0,            0.063377,           0.0041963,           0.0041963
                  25,            0.054172,             0.02748,                   0,           0.0085887,                 0.4,           0.0080846,           0.0021869,            0.078332,            0.038891,                   0,            0.061213,           0.0043532,           0.0043532
                  26,            0.054113,            0.025342,                   0,            0.018889,                 0.2,            0.035313,           0.0077423,            0.070664,            0.043192,                   0,            0.059048,            0.004509,            0.004509
                  27,            0.058008,            0.034109,                   0,           0.0056478,                 0.2,           0.0063374,           0.0023306,            0.076077,            0.042632,                   0,            0.056882,           0.0046636,           0.0046636
                  28,            0.044416,            0.022552,                   0,             0.11501,                 0.4,             0.27421,            0.072005,            0.072077,            0.047935,                   0,            0.054714,           0.0048171,           0.0048171
                  29,            0.048244,            0.037153,                   0,            0.029324,             0.20856,             0.03131,           0.0058299,            0.082127,            0.045444,                   0,            0.052546,           0.0049695,           0.0049695
                  30,            0.049876,            0.027263,                   0,            0.018086,                 0.2,            0.045048,            0.011573,            0.075748,             0.04889,                   0,            0.050376,           0.0051208,           0.0051208
                  31,            0.048789,            0.027545,                   0,            0.068738,                 0.2,             0.03312,           0.0084743,            0.085148,            0.045444,                   0,            0.048206,           0.0052709,           0.0052709
                  32,            0.047178,            0.028329,                   0,            0.059413,                 0.2,            0.034692,           0.0085426,            0.063855,            0.052315,                   0,            0.046034,             0.00542,             0.00542
                  33,            0.061418,            0.023666,                   0,            0.050812,                 0.2,            0.046915,           0.0092461,            0.083635,            0.046456,                   0,            0.043861,           0.0055679,           0.0055679
                  34,            0.053533,            0.025742,                   0,            0.067001,                 0.2,            0.072683,            0.011022,             0.07177,            0.044386,                   0,            0.041687,           0.0057146,           0.0057146
                  35,            0.052008,            0.032929,                   0,            0.053651,                 0.1,             0.10624,            0.031903,            0.070169,            0.040318,                   0,            0.039512,           0.0058603,           0.0058603
                  36,            0.049701,            0.025723,                   0,              0.1226,                 0.2,             0.09166,            0.028153,            0.065268,            0.038839,                   0,            0.037336,           0.0060048,           0.0060048
                  37,             0.04221,            0.021478,                   0,             0.04808,                 0.4,            0.046115,            0.010573,            0.073231,            0.036167,                   0,            0.035158,           0.0061482,           0.0061482
                  38,            0.064581,            0.025871,                   0,            0.058728,                 0.3,            0.039963,            0.008151,            0.063472,             0.03723,                   0,             0.03298,           0.0062904,           0.0062904
                  39,            0.070118,            0.023721,                   0,             0.29268,                 0.1,             0.18752,            0.033579,            0.061983,            0.032706,                   0,              0.0308,           0.0064315,           0.0064315
                  40,             0.06117,            0.023324,                   0,             0.08818,                 0.4,            0.070796,            0.023414,            0.055265,            0.034164,                   0,            0.028619,           0.0065715,           0.0065715
                  41,            0.043784,            0.030581,                   0,            0.065431,                 0.2,            0.047063,            0.014639,            0.067998,            0.029437,                   0,            0.026437,           0.0067104,           0.0067104
                  42,            0.045092,            0.032117,                   0,            0.073958,                 0.6,             0.11556,            0.032059,            0.055055,            0.032892,                   0,            0.024254,           0.0068482,           0.0068482
                  43,            0.037615,            0.024083,                   0,             0.11211,             0.37931,            0.078771,            0.021886,            0.059946,            0.030848,                   0,             0.02207,           0.0069848,           0.0069848
                  44,            0.066452,             0.02323,                   0,            0.092232,                 0.7,            0.079559,            0.024424,            0.060735,            0.031279,                   0,            0.019885,           0.0071203,           0.0071203
                  45,            0.046534,            0.020235,                   0,            0.072801,                 0.4,            0.055857,            0.016146,            0.063115,            0.029784,                   0,            0.017698,           0.0072546,           0.0072546
                  46,            0.051383,            0.023888,                   0,            0.044508,                 0.5,            0.049786,            0.014282,            0.062776,            0.029208,                   0,            0.015511,           0.0073879,           0.0073879
                  47,            0.049744,            0.020134,                   0,            0.056147,                 0.4,            0.056053,             0.01626,            0.069176,            0.026365,                   0,            0.013322,             0.00752,             0.00752
                  48,             0.04364,             0.01809,                   0,            0.081813,                 0.6,            0.065594,             0.01778,             0.06161,            0.028207,                   0,            0.011132,            0.007651,            0.007651
                  49,            0.054646,            0.021125,                   0,             0.12149,                 0.2,            0.096303,            0.036634,            0.060277,            0.026894,                   0,           0.0089412,           0.0077808,           0.0077808
                  50,            0.039936,            0.021269,                   0,             0.11001,                 0.4,             0.18251,            0.034935,            0.062174,            0.026821,                   0,           0.0078313,           0.0078313,           0.0078313
                  51,            0.047171,            0.033914,                   0,             0.30919,                 0.1,             0.14475,            0.050778,            0.069964,            0.024964,                   0,           0.0078313,           0.0078313,           0.0078313
                  52,            0.041816,            0.030244,                   0,             0.23574,                 0.1,              0.1112,            0.031889,            0.058114,             0.02829,                   0,           0.0078031,           0.0078031,           0.0078031
                  53,            0.043824,            0.027096,                   0,             0.11192,                 0.4,            0.093009,             0.03357,            0.072201,            0.025161,                   0,           0.0077749,           0.0077749,           0.0077749
                  54,            0.046617,            0.020753,                   0,            0.075029,                 0.2,            0.050074,            0.019637,            0.061116,            0.028357,                   0,           0.0077467,           0.0077467,           0.0077467
                  55,            0.047302,             0.02143,                   0,             0.16828,                 0.3,             0.11679,            0.049851,            0.069083,            0.025358,                   0,           0.0077186,           0.0077186,           0.0077186
                  56,            0.047634,            0.016398,                   0,             0.14133,                 0.4,             0.11055,            0.034012,            0.061168,            0.027444,                   0,           0.0076904,           0.0076904,           0.0076904
                  57,            0.035693,            0.015602,                   0,             0.17987,                 0.3,             0.13834,            0.042072,            0.059758,            0.026131,                   0,           0.0076622,           0.0076622,           0.0076622
                  58,             0.04094,            0.030618,                   0,             0.16462,                 0.3,             0.11197,            0.026879,            0.064387,            0.026951,                   0,            0.007634,            0.007634,            0.007634
                  59,            0.046192,             0.02797,                   0,             0.16944,                 0.2,             0.12037,            0.054297,            0.059691,            0.026728,                   0,           0.0076059,           0.0076059,           0.0076059
                  60,            0.044772,            0.020139,                   0,             0.16859,                 0.3,             0.17491,            0.072985,            0.061458,            0.027646,                   0,           0.0075777,           0.0075777,           0.0075777
                  61,            0.046308,            0.026575,                   0,             0.21239,              0.3785,              0.1891,            0.097041,            0.061042,            0.027346,                   0,           0.0075495,           0.0075495,           0.0075495
                  62,            0.043927,            0.021077,                   0,             0.21405,                 0.4,              0.1965,            0.052149,            0.062309,            0.028591,                   0,           0.0075213,           0.0075213,           0.0075213
                  63,            0.036467,            0.016211,                   0,             0.25834,                 0.4,              0.2159,            0.095314,            0.059928,            0.029364,                   0,           0.0074932,           0.0074932,           0.0074932
                  64,            0.048017,            0.013092,                   0,             0.22732,                 0.2,             0.15228,            0.048314,            0.064763,            0.029587,                   0,            0.007465,            0.007465,            0.007465
                  65,            0.034621,            0.015424,                   0,             0.21328,                 0.2,             0.18891,             0.07081,            0.066785,            0.026095,                   0,           0.0074368,           0.0074368,           0.0074368
                  66,            0.042881,            0.022591,                   0,             0.22113,                 0.3,             0.14074,            0.051421,            0.067163,            0.027185,                   0,           0.0074087,           0.0074087,           0.0074087
                  67,            0.038802,            0.021699,                   0,             0.16426,             0.25709,             0.14368,            0.050296,             0.06779,            0.027615,                   0,           0.0073805,           0.0073805,           0.0073805
                  68,            0.047226,             0.02816,                   0,             0.31243,                 0.1,             0.10571,            0.039009,            0.058398,            0.030033,                   0,           0.0073523,           0.0073523,           0.0073523
                  69,             0.04005,            0.017752,                   0,            0.089304,                 0.2,            0.066441,            0.030129,            0.058789,            0.031331,                   0,           0.0073241,           0.0073241,           0.0073241
                  70,            0.060255,            0.014039,                   0,             0.30726,                 0.1,            0.094325,            0.037168,            0.055111,            0.033074,                   0,            0.007296,            0.007296,            0.007296
                  71,            0.050336,            0.017747,                   0,             0.32256,                 0.1,             0.11063,            0.032645,            0.058538,            0.032125,                   0,           0.0072678,           0.0072678,           0.0072678
                  72,            0.047092,            0.013714,                   0,             0.23982,                 0.1,             0.16721,            0.046965,            0.057159,            0.032602,                   0,           0.0072396,           0.0072396,           0.0072396
                  73,            0.055819,            0.014429,                   0,             0.23796,                 0.1,             0.10802,            0.037465,            0.056103,             0.03419,                   0,           0.0072114,           0.0072114,           0.0072114
                  74,            0.036218,            0.012322,                   0,             0.13484,                 0.3,             0.10517,            0.036866,            0.056222,            0.034392,                   0,           0.0071833,           0.0071833,           0.0071833
                  75,            0.033355,            0.013896,                   0,             0.23019,              0.2991,             0.16778,            0.048775,            0.065619,            0.029333,                   0,           0.0071551,           0.0071551,           0.0071551
                  76,            0.039052,            0.018809,                   0,             0.66149,                 0.1,             0.14462,            0.074467,            0.062283,            0.029623,                   0,           0.0071269,           0.0071269,           0.0071269
                  77,            0.032092,            0.012109,                   0,             0.83001,                 0.1,             0.18259,            0.061367,            0.069695,             0.02858,                   0,           0.0070987,           0.0070987,           0.0070987
                  78,            0.037599,            0.022949,                   0,             0.17098,             0.35184,             0.20904,            0.062608,            0.056982,            0.031305,                   0,           0.0070706,           0.0070706,           0.0070706
                  79,            0.034283,             0.01301,                   0,             0.17805,             0.30346,             0.20079,            0.054088,            0.059485,            0.030438,                   0,           0.0070424,           0.0070424,           0.0070424
                  80,            0.039762,            0.015225,                   0,             0.16104,                 0.2,             0.20482,            0.075082,            0.054272,            0.033681,                   0,           0.0070142,           0.0070142,           0.0070142
                  81,            0.036225,            0.011743,                   0,             0.19384,                 0.3,             0.21651,            0.080121,            0.055073,            0.032929,                   0,            0.006986,            0.006986,            0.006986
                  82,            0.034559,            0.013243,                   0,             0.17281,             0.41843,             0.22272,            0.082416,            0.052419,            0.031056,                   0,           0.0069579,           0.0069579,           0.0069579
                  83,            0.040258,            0.012831,                   0,              0.3075,                 0.4,             0.24213,            0.072687,            0.053375,            0.033193,                   0,           0.0069297,           0.0069297,           0.0069297
                  84,            0.033511,            0.017243,                   0,             0.27583,                 0.3,              0.2615,             0.10035,            0.052848,            0.034683,                   0,           0.0069015,           0.0069015,           0.0069015
                  85,            0.038503,            0.015663,                   0,             0.89038,                 0.1,             0.20835,            0.056022,            0.055624,            0.035409,                   0,           0.0068733,           0.0068733,           0.0068733
                  86,            0.032442,            0.013599,                   0,             0.90875,                 0.1,              0.2076,            0.080431,            0.053464,             0.03461,                   0,           0.0068452,           0.0068452,           0.0068452
                  87,              0.0468,            0.014776,                   0,             0.19453,                 0.3,             0.17153,            0.065151,            0.058703,            0.030609,                   0,            0.006817,            0.006817,            0.006817
                  88,            0.043601,            0.011946,                   0,             0.15161,             0.23375,             0.16369,            0.066005,             0.05433,            0.032041,                   0,           0.0067888,           0.0067888,           0.0067888
                  89,            0.031057,            0.017877,                   0,             0.20134,                 0.3,             0.19408,            0.054509,            0.064829,            0.027569,                   0,           0.0067606,           0.0067606,           0.0067606
                  90,            0.044086,            0.013685,                   0,             0.20936,                 0.4,             0.15663,            0.069097,            0.058471,            0.027024,                   0,           0.0067325,           0.0067325,           0.0067325
                  91,            0.043442,            0.015558,                   0,             0.36096,                 0.5,             0.26166,            0.067613,            0.068354,            0.023988,                   0,           0.0067043,           0.0067043,           0.0067043
                  92,             0.03642,            0.012782,                   0,             0.25382,                 0.5,             0.21738,             0.10462,            0.056897,            0.027096,                   0,           0.0066761,           0.0066761,           0.0066761
                  93,            0.035154,            0.012611,                   0,             0.52946,                 0.3,             0.28426,            0.098184,            0.061591,            0.026194,                   0,           0.0066479,           0.0066479,           0.0066479
                  94,            0.040265,            0.011248,                   0,                   1,             0.19088,             0.28901,             0.11636,            0.055486,            0.028876,                   0,           0.0066198,           0.0066198,           0.0066198
                  95,            0.042358,            0.012389,                   0,             0.32386,                 0.4,             0.28683,            0.087962,            0.057468,            0.028881,                   0,           0.0065916,           0.0065916,           0.0065916
                  96,            0.032489,            0.010735,                   0,             0.16214,                 0.4,             0.19226,            0.096195,            0.053917,            0.030153,                   0,           0.0065634,           0.0065634,           0.0065634
                  97,             0.04516,            0.017472,                   0,             0.23263,                 0.4,             0.22854,            0.079662,            0.054377,            0.030246,                   0,           0.0065352,           0.0065352,           0.0065352
                  98,            0.045262,            0.017476,                   0,             0.23927,                 0.3,              0.1838,            0.090107,            0.053724,            0.031595,                   0,           0.0065071,           0.0065071,           0.0065071
                  99,            0.035901,            0.013699,                   0,              0.2762,             0.30573,             0.32054,             0.12514,            0.054539,             0.03103,                   0,           0.0064789,           0.0064789,           0.0064789
                 100,            0.033942,            0.013222,                   0,             0.84468,                 0.2,             0.28272,             0.11438,            0.052918,             0.03076,                   0,           0.0064507,           0.0064507,           0.0064507
                 101,            0.044161,            0.016677,                   0,             0.22496,             0.34992,             0.23163,             0.07859,            0.056534,            0.030199,                   0,           0.0064225,           0.0064225,           0.0064225
                 102,            0.034901,            0.010108,                   0,              0.1365,             0.30037,             0.20005,            0.081287,            0.055104,            0.034314,                   0,           0.0063944,           0.0063944,           0.0063944
                 103,            0.029514,            0.011398,                   0,             0.16151,                 0.3,              0.1309,             0.04868,            0.058841,            0.034475,                   0,           0.0063662,           0.0063662,           0.0063662
                 104,            0.029655,            0.011414,                   0,             0.21688,                 0.3,             0.11793,             0.05066,             0.05403,            0.036494,                   0,            0.006338,            0.006338,            0.006338
                 105,            0.035558,            0.010149,                   0,              0.2434,                 0.4,             0.11718,            0.050306,            0.060361,            0.034257,                   0,           0.0063098,           0.0063098,           0.0063098
                 106,            0.047107,            0.025667,                   0,             0.30238,                 0.4,             0.13989,            0.064819,            0.054371,            0.034257,                   0,           0.0062817,           0.0062817,           0.0062817
                 107,            0.034052,           0.0088137,                   0,             0.32112,             0.28534,             0.14862,            0.049858,            0.060152,            0.031777,                   0,           0.0062535,           0.0062535,           0.0062535
                 108,            0.038656,           0.0098484,                   0,             0.33673,                 0.2,             0.17152,             0.08402,            0.054237,             0.03325,                   0,           0.0062253,           0.0062253,           0.0062253
                 109,            0.028427,            0.014512,                   0,             0.23748,                 0.3,             0.17517,            0.070395,            0.060084,            0.032275,                   0,           0.0061971,           0.0061971,           0.0061971
                 110,              0.0303,           0.0085113,                   0,             0.21925,                 0.3,             0.23228,            0.095413,            0.054193,             0.03392,                   0,            0.006169,            0.006169,            0.006169
                 111,            0.053121,            0.015723,                   0,             0.18805,                 0.3,             0.22817,            0.087637,            0.055103,            0.033209,                   0,           0.0061408,           0.0061408,           0.0061408
                 112,            0.037086,             0.01164,                   0,             0.24587,                 0.3,             0.26708,             0.13093,            0.054919,            0.033225,                   0,           0.0061126,           0.0061126,           0.0061126
                 113,            0.033713,            0.011468,                   0,              0.3373,                 0.5,             0.28311,             0.13241,            0.054582,            0.031336,                   0,           0.0060844,           0.0060844,           0.0060844
                 114,            0.055206,            0.010976,                   0,             0.35083,                 0.4,             0.30148,            0.096312,            0.057655,            0.030568,                   0,           0.0060563,           0.0060563,           0.0060563
                 115,            0.048384,            0.013236,                   0,             0.32347,                 0.4,             0.32867,             0.17568,            0.054643,            0.029022,                   0,           0.0060281,           0.0060281,           0.0060281
                 116,            0.043721,            0.013537,                   0,             0.42617,                 0.5,             0.43553,             0.12737,            0.054575,            0.027979,                   0,           0.0059999,           0.0059999,           0.0059999
                 117,            0.036194,           0.0092208,                   0,             0.31355,              0.3213,             0.38208,             0.17403,            0.059603,            0.026873,                   0,           0.0059717,           0.0059717,           0.0059717
                 118,            0.027897,           0.0083936,                   0,             0.44921,                 0.5,             0.45042,             0.21355,            0.054492,            0.029281,                   0,           0.0059436,           0.0059436,           0.0059436
                 119,            0.040942,            0.017936,                   0,             0.51529,                 0.3,                0.38,             0.14288,            0.060452,            0.029348,                   0,           0.0059154,           0.0059154,           0.0059154
                 120,            0.035473,            0.018448,                   0,              0.5857,              0.2857,             0.36293,             0.15725,            0.054567,            0.029847,                   0,           0.0058872,           0.0058872,           0.0058872
                 121,            0.040487,            0.022866,                   0,             0.36885,                 0.3,             0.29203,              0.1044,            0.058488,            0.028321,                   0,            0.005859,            0.005859,            0.005859
                 122,            0.032866,             0.01575,                   0,             0.23673,                 0.3,             0.31247,             0.16595,            0.053145,            0.028586,                   0,           0.0058309,           0.0058309,           0.0058309
                 123,            0.037322,           0.0092962,                   0,                   1,             0.19967,             0.33163,            0.094219,            0.058143,            0.029302,                   0,           0.0058027,           0.0058027,           0.0058027
                 124,            0.024977,           0.0079935,                   0,             0.44573,                 0.3,             0.31159,             0.14473,            0.054115,            0.030251,                   0,           0.0057745,           0.0057745,           0.0057745
                 125,             0.03786,            0.017191,                   0,             0.49666,                 0.3,             0.29031,             0.11386,            0.057104,            0.031128,                   0,           0.0057463,           0.0057463,           0.0057463
                 126,            0.042773,            0.017097,                   0,             0.54793,                 0.3,             0.32346,             0.13872,            0.056568,            0.029758,                   0,           0.0057182,           0.0057182,           0.0057182
                 127,            0.021742,           0.0080078,                   0,             0.54595,                 0.4,              0.3595,             0.10157,            0.052233,            0.029789,                   0,             0.00569,             0.00569,             0.00569
                 128,            0.037151,           0.0091287,                   0,             0.34604,                 0.4,             0.33429,             0.17103,            0.056854,            0.028762,                   0,           0.0056618,           0.0056618,           0.0056618
                 129,            0.025714,            0.010318,                   0,             0.55023,                 0.4,             0.34412,              0.1595,            0.053742,            0.028326,                   0,           0.0056337,           0.0056337,           0.0056337
                 130,            0.032042,            0.014237,                   0,             0.54923,                 0.4,             0.33663,             0.14035,            0.056581,            0.028565,                   0,           0.0056055,           0.0056055,           0.0056055
                 131,            0.032267,             0.01069,                   0,             0.49155,             0.38816,             0.29968,             0.16861,             0.05071,            0.029909,                   0,           0.0055773,           0.0055773,           0.0055773
                 132,            0.029946,           0.0091618,                   0,             0.59935,             0.29935,             0.29695,            0.094467,            0.058225,            0.031154,                   0,           0.0055491,           0.0055491,           0.0055491
                 133,            0.038416,            0.011973,                   0,             0.39777,                 0.3,             0.26116,             0.13917,            0.050342,            0.033712,                   0,            0.005521,            0.005521,            0.005521
                 134,            0.035718,            0.014216,                   0,             0.30253,                 0.4,             0.24962,             0.10331,            0.053245,            0.034252,                   0,           0.0054928,           0.0054928,           0.0054928
                 135,            0.026837,           0.0080539,                   0,             0.31792,                 0.4,             0.29137,             0.11254,            0.049361,            0.035316,                   0,           0.0054646,           0.0054646,           0.0054646
                 136,            0.027809,            0.012557,                   0,             0.32689,                 0.3,             0.27142,            0.092422,            0.052134,            0.035513,                   0,           0.0054364,           0.0054364,           0.0054364
                 137,            0.026423,            0.012464,                   0,             0.31294,                 0.3,             0.26114,             0.10413,            0.049243,             0.03667,                   0,           0.0054083,           0.0054083,           0.0054083
                 138,             0.03298,            0.016957,                   0,             0.21143,             0.21571,             0.21752,            0.098243,            0.051916,            0.038995,                   0,           0.0053801,           0.0053801,           0.0053801
                 139,             0.03799,            0.022312,                   0,             0.24606,                 0.2,             0.21836,             0.10495,            0.050287,            0.038471,                   0,           0.0053519,           0.0053519,           0.0053519
                 140,            0.043155,            0.017308,                   0,             0.24197,                 0.2,             0.21103,            0.053337,            0.058404,            0.035985,                   0,           0.0053237,           0.0053237,           0.0053237
                 141,            0.028233,           0.0090378,                   0,             0.17007,                 0.2,             0.19218,            0.086453,            0.055243,            0.038325,                   0,           0.0052956,           0.0052956,           0.0052956
                 142,            0.028886,           0.0072796,                   0,             0.33145,                 0.2,             0.22678,              0.1008,            0.060411,            0.037822,                   0,           0.0052674,           0.0052674,           0.0052674
                 143,            0.033978,            0.013209,                   0,             0.25161,                 0.2,             0.21361,             0.10774,            0.056535,             0.03956,                   0,           0.0052392,           0.0052392,           0.0052392
                 144,            0.023011,           0.0083513,                   0,             0.42415,                 0.2,             0.26093,             0.13841,            0.056505,            0.039711,                   0,            0.005211,            0.005211,            0.005211
                 145,            0.026676,            0.010506,                   0,             0.31556,                 0.3,             0.25765,            0.081265,            0.057609,            0.038761,                   0,           0.0051829,           0.0051829,           0.0051829
                 146,            0.024944,           0.0081157,                   0,             0.24898,                 0.3,             0.27789,             0.14871,            0.053749,            0.039093,                   0,           0.0051547,           0.0051547,           0.0051547
                 147,            0.026067,           0.0079035,                   0,             0.15919,                 0.3,             0.26823,             0.12222,            0.054012,            0.037147,                   0,           0.0051265,           0.0051265,           0.0051265
                 148,            0.027869,           0.0090755,                   0,             0.17882,                 0.2,             0.22476,             0.12065,            0.052261,            0.038756,                   0,           0.0050983,           0.0050983,           0.0050983
                 149,            0.025287,           0.0078258,                   0,             0.36405,                 0.3,             0.29491,             0.10972,            0.051782,            0.037402,                   0,           0.0050702,           0.0050702,           0.0050702
                 150,            0.026735,            0.010431,                   0,             0.23266,             0.48573,             0.23755,             0.11548,             0.05379,             0.03213,                   0,            0.005042,            0.005042,            0.005042
                 151,            0.023012,           0.0078176,                   0,             0.19055,                 0.4,             0.22696,            0.087254,            0.061432,             0.02952,                   0,           0.0050138,           0.0050138,           0.0050138
                 152,            0.025678,           0.0074575,                   0,             0.28814,                 0.4,             0.23604,             0.11042,            0.061038,            0.028762,                   0,           0.0049856,           0.0049856,           0.0049856
                 153,            0.023867,           0.0088003,                   0,             0.20431,                 0.4,             0.22905,            0.074183,            0.065581,            0.027797,                   0,           0.0049575,           0.0049575,           0.0049575
                 154,            0.022695,           0.0079087,                   0,             0.24231,                 0.3,             0.23891,             0.13626,            0.062322,            0.028902,                   0,           0.0049293,           0.0049293,           0.0049293
                 155,            0.032693,            0.013681,                   0,             0.21798,                 0.4,             0.24969,            0.087144,            0.062973,            0.030023,                   0,           0.0049011,           0.0049011,           0.0049011
                 156,            0.028688,            0.013675,                   0,             0.28475,                 0.4,             0.23935,             0.15026,             0.05425,            0.031673,                   0,           0.0048729,           0.0048729,           0.0048729
                 157,            0.029431,            0.010243,                   0,             0.44229,                 0.3,             0.28825,             0.10697,            0.059816,            0.030884,                   0,           0.0048448,           0.0048448,           0.0048448
                 158,            0.037131,            0.016752,                   0,             0.41293,                 0.5,             0.33705,             0.18589,            0.054473,            0.031102,                   0,           0.0048166,           0.0048166,           0.0048166
                 159,            0.023531,           0.0069789,                   0,             0.43423,                 0.5,             0.39039,             0.11913,            0.059401,            0.032254,                   0,           0.0047884,           0.0047884,           0.0047884
                 160,            0.025716,             0.00981,                   0,              0.8986,                 0.3,             0.43448,             0.20722,            0.053727,             0.03406,                   0,           0.0047602,           0.0047602,           0.0047602
                 161,            0.036511,            0.013862,                   0,                   1,              0.3837,              0.4585,             0.15004,            0.054926,              0.0342,                   0,           0.0047321,           0.0047321,           0.0047321
                 162,            0.031048,           0.0076164,                   0,                   1,             0.38083,             0.47309,             0.21977,            0.051458,            0.033717,                   0,           0.0047039,           0.0047039,           0.0047039
                 163,            0.029922,            0.012667,                   0,                   1,             0.38784,              0.4882,             0.19066,            0.050852,            0.033806,                   0,           0.0046757,           0.0046757,           0.0046757
                 164,            0.028485,           0.0093837,                   0,             0.78697,             0.37394,             0.48717,              0.2229,            0.050745,            0.032353,                   0,           0.0046475,           0.0046475,           0.0046475
                 165,             0.02989,            0.013817,                   0,              0.4011,                 0.5,             0.42194,             0.17056,            0.051868,            0.032835,                   0,           0.0046194,           0.0046194,           0.0046194
                 166,            0.024529,           0.0066558,                   0,             0.41772,                 0.4,             0.38277,              0.1933,            0.050426,             0.03282,                   0,           0.0045912,           0.0045912,           0.0045912
                 167,            0.031738,           0.0084671,                   0,             0.44597,                 0.3,             0.39057,             0.12634,            0.054738,            0.033313,                   0,            0.004563,            0.004563,            0.004563
                 168,            0.036204,            0.015971,                   0,                   1,             0.29066,             0.41605,             0.23209,            0.051097,            0.033624,                   0,           0.0045348,           0.0045348,           0.0045348
                 169,             0.03233,            0.011365,                   0,                   1,             0.28945,             0.41133,             0.18174,            0.055395,            0.033686,                   0,           0.0045067,           0.0045067,           0.0045067
                 170,            0.027545,            0.008339,                   0,              0.4502,                 0.4,             0.38143,             0.21417,            0.053909,            0.033676,                   0,           0.0044785,           0.0044785,           0.0044785
                 171,            0.020267,           0.0058563,                   0,             0.45624,                 0.4,             0.34395,               0.128,            0.057039,            0.034351,                   0,           0.0044503,           0.0044503,           0.0044503
                 172,            0.025144,           0.0089267,                   0,             0.45414,                 0.4,             0.31139,             0.15592,             0.05601,            0.033795,                   0,           0.0044221,           0.0044221,           0.0044221
                 173,            0.022148,           0.0086572,                   0,             0.49059,             0.48307,             0.36846,             0.17954,            0.056881,            0.031621,                   0,            0.004394,            0.004394,            0.004394
                 174,            0.032572,           0.0076631,                   0,             0.49633,                 0.5,             0.38862,             0.18369,            0.054371,             0.03103,                   0,           0.0043658,           0.0043658,           0.0043658
                 175,            0.029283,             0.01424,                   0,             0.43609,                 0.5,             0.33941,             0.15236,            0.055595,            0.030459,                   0,           0.0043376,           0.0043376,           0.0043376
                 176,            0.019389,           0.0064849,                   0,             0.38916,                 0.4,              0.3416,             0.17065,            0.052619,            0.031107,                   0,           0.0043094,           0.0043094,           0.0043094
                 177,            0.023798,           0.0084012,                   0,             0.49899,                 0.4,             0.34225,             0.10385,             0.05675,            0.031367,                   0,           0.0042813,           0.0042813,           0.0042813
                 178,            0.022479,           0.0092842,                   0,             0.47604,                 0.4,             0.34569,             0.15107,            0.055097,             0.03159,                   0,           0.0042531,           0.0042531,           0.0042531
                 179,            0.028318,            0.014431,                   0,             0.46884,                 0.4,             0.28429,             0.10525,            0.057217,            0.031772,                   0,           0.0042249,           0.0042249,           0.0042249
                 180,            0.023531,           0.0063848,                   0,             0.36119,                 0.4,             0.29814,             0.11546,            0.054582,            0.032664,                   0,           0.0041967,           0.0041967,           0.0041967
                 181,              0.0235,           0.0074466,                   0,             0.50346,                 0.3,             0.32791,             0.12114,            0.057179,            0.033754,                   0,           0.0041686,           0.0041686,           0.0041686
                 182,            0.021652,            0.010847,                   0,             0.46962,                 0.4,             0.37062,             0.14668,            0.053187,             0.03474,                   0,           0.0041404,           0.0041404,           0.0041404
                 183,             0.02442,           0.0077231,                   0,             0.54216,                 0.4,             0.36941,             0.14473,            0.055717,            0.034138,                   0,           0.0041122,           0.0041122,           0.0041122
                 184,            0.025022,           0.0091914,                   0,             0.54093,                 0.4,             0.41909,             0.18656,            0.054706,            0.034153,                   0,            0.004084,            0.004084,            0.004084
                 185,            0.021042,           0.0096549,                   0,             0.58378,                 0.3,             0.42313,             0.18829,            0.053318,            0.034797,                   0,           0.0040559,           0.0040559,           0.0040559
                 186,            0.027005,            0.011135,                   0,             0.49646,                 0.5,             0.46554,             0.14037,            0.052383,            0.035658,                   0,           0.0040277,           0.0040277,           0.0040277
                 187,            0.046582,            0.010396,                   0,             0.91866,                 0.3,             0.49428,             0.20018,             0.04808,            0.036545,                   0,           0.0039995,           0.0039995,           0.0039995
                 188,            0.025538,            0.010654,                   0,             0.93386,                 0.3,             0.48179,             0.15235,            0.051428,            0.036748,                   0,           0.0039713,           0.0039713,           0.0039713
                 189,            0.021602,           0.0062213,                   0,             0.92355,                 0.3,             0.51156,             0.22168,            0.049401,             0.03707,                   0,           0.0039432,           0.0039432,           0.0039432
                 190,            0.026915,           0.0071487,                   0,             0.58148,             0.28148,             0.31289,             0.12869,            0.058099,            0.034885,                   0,            0.003915,            0.003915,            0.003915
                 191,            0.023553,           0.0077036,                   0,             0.60385,                 0.4,             0.41099,             0.11245,            0.058193,            0.034382,                   0,           0.0038868,           0.0038868,           0.0038868
                 192,            0.024764,            0.012741,                   0,             0.33755,                 0.2,             0.23161,             0.10003,            0.065678,            0.032643,                   0,           0.0038586,           0.0038586,           0.0038586
                 193,            0.023576,           0.0091927,                   0,              0.3192,                 0.2,             0.21745,             0.10957,            0.063673,            0.033349,                   0,           0.0038305,           0.0038305,           0.0038305
                 194,            0.020275,           0.0069662,                   0,             0.50652,                 0.3,             0.34457,             0.15692,            0.062622,            0.035342,                   0,           0.0038023,           0.0038023,           0.0038023
                 195,            0.025308,            0.009963,                   0,             0.74802,             0.29763,             0.32156,             0.10062,            0.062464,             0.03572,                   0,           0.0037741,           0.0037741,           0.0037741
                 196,             0.02455,             0.01674,                   0,             0.54372,                 0.3,             0.31476,             0.13867,             0.05779,            0.037443,                   0,            0.003746,            0.003746,            0.003746
                 197,            0.022006,            0.010319,                   0,             0.43988,             0.23988,             0.30482,             0.10287,            0.056309,            0.038465,                   0,           0.0037178,           0.0037178,           0.0037178
                 198,            0.031457,            0.012307,                   0,             0.44874,                 0.2,             0.28372,             0.13255,            0.056636,            0.039747,                   0,           0.0036896,           0.0036896,           0.0036896
                 199,            0.019263,           0.0064749,                   0,             0.37065,                 0.2,             0.27504,            0.092734,            0.055969,             0.03927,                   0,           0.0036614,           0.0036614,           0.0036614
                 200,            0.018841,           0.0076395,                   0,             0.42753,                 0.2,             0.29357,             0.13575,            0.056346,            0.039098,                   0,           0.0036333,           0.0036333,           0.0036333
                 201,            0.018543,           0.0060983,                   0,             0.60975,                 0.4,             0.34074,             0.12392,            0.053006,            0.038694,                   0,           0.0036051,           0.0036051,           0.0036051
                 202,            0.022558,           0.0093313,                   0,             0.53918,                 0.4,             0.38501,             0.18818,            0.054321,             0.03776,                   0,           0.0035769,           0.0035769,           0.0035769
                 203,            0.022503,           0.0087034,                   0,             0.69864,                 0.4,             0.38719,             0.12921,               0.052,             0.03955,                   0,           0.0035487,           0.0035487,           0.0035487
                 204,            0.021685,           0.0087602,                   0,             0.69858,                 0.3,             0.42508,             0.15789,            0.051199,            0.040219,                   0,           0.0035206,           0.0035206,           0.0035206
                 205,            0.011576,           0.0081247,                   0,             0.69892,                 0.3,             0.39581,            0.093645,            0.050895,            0.040328,                   0,           0.0034924,           0.0034924,           0.0034924
                 206,            0.023513,           0.0072641,                   0,                   1,             0.29119,             0.43319,              0.1176,            0.052373,             0.03833,                   0,           0.0034642,           0.0034642,           0.0034642
                 207,            0.017439,           0.0059577,                   0,                   1,             0.28877,             0.46533,             0.15302,            0.051637,            0.037723,                   0,            0.003436,            0.003436,            0.003436
                 208,            0.031363,           0.0089933,                   0,             0.55787,                 0.3,             0.41603,             0.14113,            0.054593,            0.038164,                   0,           0.0034079,           0.0034079,           0.0034079
                 209,             0.02081,           0.0063721,                   0,                   1,             0.28624,             0.44194,             0.12721,            0.053323,             0.03819,                   0,           0.0033797,           0.0033797,           0.0033797
                 210,            0.020343,           0.0087551,                   0,             0.53903,                 0.3,              0.3905,             0.11484,            0.054908,            0.038538,                   0,           0.0033515,           0.0033515,           0.0033515
                 211,             0.01815,           0.0090575,                   0,             0.47419,             0.36387,             0.40758,             0.13371,            0.052692,            0.038087,                   0,           0.0033233,           0.0033233,           0.0033233
                 212,            0.026802,            0.012728,                   0,                   1,             0.19858,              0.3341,             0.11491,            0.055274,            0.037402,                   0,           0.0032952,           0.0032952,           0.0032952
                 213,             0.02844,           0.0081893,                   0,              0.4576,             0.34065,             0.38806,             0.11335,            0.054357,            0.037645,                   0,            0.003267,            0.003267,            0.003267
                 214,            0.031154,            0.008733,                   0,                   1,              0.1977,             0.31529,             0.10606,            0.057565,            0.037464,                   0,           0.0032388,           0.0032388,           0.0032388
                 215,            0.031598,           0.0089709,                   0,             0.52031,                 0.3,             0.37494,             0.10885,            0.054168,            0.039078,                   0,           0.0032106,           0.0032106,           0.0032106
                 216,            0.021131,           0.0075782,                   0,             0.96602,                 0.2,             0.30427,               0.105,            0.055509,            0.039114,                   0,           0.0031825,           0.0031825,           0.0031825
                 217,            0.021168,           0.0069322,                   0,             0.67602,                 0.3,             0.39363,             0.11682,            0.053203,            0.040058,                   0,           0.0031543,           0.0031543,           0.0031543
                 218,            0.020744,           0.0074757,                   0,                   1,             0.29157,               0.417,             0.11267,            0.052788,            0.042331,                   0,           0.0031261,           0.0031261,           0.0031261
                 219,            0.018075,           0.0059863,                   0,              0.6566,             0.19396,             0.26149,            0.099072,            0.052123,            0.043753,                   0,           0.0030979,           0.0030979,           0.0030979
                 220,             0.02002,           0.0072001,                   0,                   1,             0.29195,             0.39037,              0.1127,            0.053269,            0.044583,                   0,           0.0030698,           0.0030698,           0.0030698
                 221,            0.026714,           0.0062882,                   0,             0.65707,             0.19424,             0.24774,              0.1028,              0.0526,            0.043327,                   0,           0.0030416,           0.0030416,           0.0030416
                 222,            0.021695,           0.0089716,                   0,             0.45413,             0.25413,             0.24477,            0.067525,              0.0552,             0.04286,                   0,           0.0030134,           0.0030134,           0.0030134
                 223,            0.022472,            0.010146,                   0,             0.64446,                 0.4,             0.37994,             0.10785,            0.054332,             0.04148,                   0,           0.0029852,           0.0029852,           0.0029852
                 224,            0.021013,            0.008594,                   0,             0.47706,                 0.3,             0.23417,             0.10193,            0.054013,             0.04174,                   0,           0.0029571,           0.0029571,           0.0029571
                 225,            0.020512,           0.0067588,                   0,              0.4749,                 0.3,              0.2432,            0.098639,            0.054631,             0.04121,                   0,           0.0029289,           0.0029289,           0.0029289
                 226,            0.025013,               0.013,                   0,             0.46072,                 0.3,             0.23131,             0.10117,            0.051799,            0.042165,                   0,           0.0029007,           0.0029007,           0.0029007
                 227,            0.024581,           0.0056996,                   0,             0.45863,                 0.3,             0.24115,             0.10138,            0.052788,            0.041003,                   0,           0.0028725,           0.0028725,           0.0028725
                 228,            0.023966,           0.0066341,                   0,             0.48884,             0.28884,             0.24598,             0.10408,            0.051938,            0.041366,                   0,           0.0028444,           0.0028444,           0.0028444
                 229,            0.019492,           0.0077256,                   0,             0.64498,             0.36747,             0.38077,             0.12277,            0.053088,            0.039695,                   0,           0.0028162,           0.0028162,           0.0028162
                 230,            0.017622,           0.0045864,                   0,              0.5336,                 0.3,             0.35667,             0.15187,            0.049699,            0.039638,                   0,            0.002788,            0.002788,            0.002788
                 231,            0.018696,           0.0086752,                   0,             0.64543,                 0.3,             0.35123,             0.13631,            0.053733,            0.038419,                   0,           0.0027598,           0.0027598,           0.0027598
                 232,            0.027958,           0.0065251,                   0,             0.63338,                 0.3,               0.364,             0.14831,            0.053181,            0.036763,                   0,           0.0027317,           0.0027317,           0.0027317
                 233,            0.028974,           0.0066666,                   0,             0.51878,                 0.3,             0.31276,             0.13358,            0.056728,            0.035881,                   0,           0.0027035,           0.0027035,           0.0027035
                 234,            0.022013,           0.0073425,                   0,             0.58283,                 0.3,             0.37836,             0.14529,            0.054692,            0.036239,                   0,           0.0026753,           0.0026753,           0.0026753
                 235,            0.038531,           0.0068777,                   0,             0.65145,                 0.3,             0.40166,             0.16829,            0.057296,            0.035746,                   0,           0.0026471,           0.0026471,           0.0026471
                 236,            0.015283,            0.004591,                   0,             0.52078,                 0.3,             0.40142,             0.15124,            0.055953,            0.035191,                   0,            0.002619,            0.002619,            0.002619
                 237,            0.015575,           0.0085354,                   0,             0.74229,             0.29075,             0.39165,             0.16618,            0.056293,            0.034428,                   0,           0.0025908,           0.0025908,           0.0025908
                 238,            0.020918,             0.01347,                   0,             0.44157,                 0.3,             0.43128,             0.16311,            0.056182,            0.034039,                   0,           0.0025626,           0.0025626,           0.0025626
                 239,            0.015788,           0.0053028,                   0,             0.47584,                 0.4,             0.40093,             0.16229,            0.055355,            0.033546,                   0,           0.0025344,           0.0025344,           0.0025344
                 240,             0.02074,           0.0068849,                   0,             0.53065,                 0.4,             0.40137,             0.15479,            0.057866,             0.03311,                   0,           0.0025063,           0.0025063,           0.0025063
                 241,            0.021534,            0.007134,                   0,             0.54569,                 0.4,             0.43678,             0.18127,            0.056638,            0.033219,                   0,           0.0024781,           0.0024781,           0.0024781
                 242,            0.017873,           0.0065787,                   0,             0.54658,                 0.4,             0.40203,              0.1687,            0.057478,            0.033261,                   0,           0.0024499,           0.0024499,           0.0024499
                 243,              0.0264,           0.0073462,                   0,             0.50604,                 0.4,             0.41757,             0.19897,            0.057223,            0.032291,                   0,           0.0024217,           0.0024217,           0.0024217
                 244,            0.021502,           0.0067542,                   0,             0.56608,             0.39251,             0.41469,             0.16815,             0.05678,            0.032244,                   0,           0.0023936,           0.0023936,           0.0023936
                 245,            0.016589,           0.0068389,                   0,             0.39243,              0.3251,             0.38705,             0.16393,            0.058271,             0.03118,                   0,           0.0023654,           0.0023654,           0.0023654
                 246,            0.023126,           0.0082454,                   0,             0.39647,                 0.3,             0.37609,             0.15191,            0.057622,            0.030952,                   0,           0.0023372,           0.0023372,           0.0023372
                 247,            0.020736,           0.0091711,                   0,             0.39681,                 0.3,             0.35824,             0.17541,            0.057959,            0.031014,                   0,            0.002309,            0.002309,            0.002309
                 248,            0.020459,            0.011292,                   0,             0.40903,                 0.3,             0.35775,             0.15202,            0.059038,             0.03144,                   0,           0.0022809,           0.0022809,           0.0022809
                 249,            0.020181,           0.0088701,                   0,             0.41333,                 0.3,             0.36457,             0.16755,            0.058773,            0.031606,                   0,           0.0022527,           0.0022527,           0.0022527
                 250,             0.01447,           0.0053085,                   0,              0.4352,                 0.3,             0.33962,             0.13889,             0.05895,             0.03172,                   0,           0.0022245,           0.0022245,           0.0022245
                 251,            0.016695,           0.0064843,                   0,              0.4128,                 0.4,             0.36096,               0.182,            0.056347,            0.031995,                   0,           0.0021963,           0.0021963,           0.0021963
                 252,            0.014951,           0.0052801,                   0,             0.49011,                 0.4,             0.36935,             0.15563,            0.058768,            0.032171,                   0,           0.0021682,           0.0021682,           0.0021682
                 253,            0.014619,            0.004279,                   0,             0.32858,                 0.2,             0.38789,             0.16948,            0.057231,            0.032669,                   0,             0.00214,             0.00214,             0.00214
                 254,            0.019035,           0.0080003,                   0,              0.4176,                 0.4,             0.43174,             0.16298,            0.057478,            0.032472,                   0,           0.0021118,           0.0021118,           0.0021118
                 255,             0.02222,           0.0083546,                   0,             0.38162,             0.37244,             0.40176,             0.15791,             0.05798,            0.032841,                   0,           0.0020836,           0.0020836,           0.0020836
                 256,             0.01583,           0.0051042,                   0,             0.45677,              0.5049,             0.46837,             0.18635,            0.056358,            0.032415,                   0,           0.0020555,           0.0020555,           0.0020555
                 257,            0.028932,            0.017516,                   0,             0.43658,             0.38867,             0.35272,             0.14168,             0.05831,            0.032965,                   0,           0.0020273,           0.0020273,           0.0020273
                 258,            0.021039,            0.011068,                   0,             0.34831,             0.32246,             0.47556,             0.17758,            0.057081,            0.033245,                   0,           0.0019991,           0.0019991,           0.0019991
                 259,            0.021969,            0.009917,                   0,             0.40024,                 0.3,             0.49375,             0.17291,            0.055585,            0.035456,                   0,            0.001971,            0.001971,            0.001971
                 260,            0.015638,           0.0042178,                   0,             0.71602,                 0.3,             0.43481,              0.1824,            0.055375,             0.03654,                   0,           0.0019428,           0.0019428,           0.0019428
                 261,            0.018294,           0.0067309,                   0,             0.46938,                 0.4,             0.51014,             0.20129,            0.053227,            0.036343,                   0,           0.0019146,           0.0019146,           0.0019146
                 262,            0.014638,           0.0051397,                   0,             0.50808,                 0.4,             0.42637,             0.19805,            0.054769,            0.035689,                   0,           0.0018864,           0.0018864,           0.0018864
                 263,            0.026882,           0.0077567,                   0,             0.48542,                 0.4,             0.42015,             0.19833,            0.054963,            0.035466,                   0,           0.0018583,           0.0018583,           0.0018583
                 264,            0.015802,           0.0055718,                   0,             0.48765,                 0.4,              0.4852,             0.19067,            0.054824,            0.035653,                   0,           0.0018301,           0.0018301,           0.0018301
                 265,             0.01303,           0.0055665,                   0,             0.49543,                 0.4,             0.44405,             0.20185,            0.054943,            0.035643,                   0,           0.0018019,           0.0018019,           0.0018019
                 266,            0.027726,            0.014009,                   0,             0.49318,                 0.4,             0.51678,             0.21051,            0.054795,            0.034921,                   0,           0.0017737,           0.0017737,           0.0017737
                 267,            0.020435,           0.0052561,                   0,             0.64114,                 0.4,             0.46331,             0.19598,            0.056206,            0.034216,                   0,           0.0017456,           0.0017456,           0.0017456
                 268,             0.01885,            0.006721,                   0,             0.56016,                 0.4,             0.43508,             0.21174,            0.054885,            0.034413,                   0,           0.0017174,           0.0017174,           0.0017174
                 269,            0.014471,           0.0062547,                   0,             0.54687,                 0.4,             0.43419,             0.18967,            0.056623,             0.03393,                   0,           0.0016892,           0.0016892,           0.0016892
                 270,            0.015932,           0.0058955,                   0,             0.56466,                 0.4,             0.43182,             0.20705,            0.054897,            0.034314,                   0,            0.001661,            0.001661,            0.001661
                 271,            0.021498,            0.013277,                   0,             0.58537,                 0.4,             0.41628,             0.17903,             0.05496,            0.034921,                   0,           0.0016329,           0.0016329,           0.0016329
                 272,            0.015161,           0.0060019,                   0,             0.66468,             0.39702,             0.42427,             0.19524,            0.055807,            0.034947,                   0,           0.0016047,           0.0016047,           0.0016047
                 273,            0.024803,           0.0088974,                   0,             0.47656,                 0.4,             0.44971,             0.20291,            0.057426,            0.034558,                   0,           0.0015765,           0.0015765,           0.0015765
                 274,              0.0188,           0.0099107,                   0,             0.90579,                 0.3,             0.43964,             0.21572,            0.056693,            0.034034,                   0,           0.0015483,           0.0015483,           0.0015483
                 275,            0.016098,            0.010947,                   0,             0.64912,                 0.4,             0.44009,               0.207,            0.057262,             0.03392,                   0,           0.0015202,           0.0015202,           0.0015202
                 276,            0.020446,           0.0070636,                   0,                   1,             0.29246,              0.4382,             0.20394,            0.055625,            0.033873,                   0,            0.001492,            0.001492,            0.001492
                 277,            0.022024,           0.0075197,                   0,                   1,             0.29474,             0.43275,             0.19893,            0.056369,            0.033629,                   0,           0.0014638,           0.0014638,           0.0014638
                 278,            0.016855,           0.0087048,                   0,                   1,             0.28705,              0.4017,             0.18396,            0.056868,            0.033764,                   0,           0.0014356,           0.0014356,           0.0014356
                 279,            0.014584,           0.0053291,                   0,             0.49831,                 0.4,             0.40713,             0.17229,            0.055018,             0.03406,                   0,           0.0014075,           0.0014075,           0.0014075
                 280,            0.013057,           0.0056756,                   0,             0.48154,                 0.4,             0.42241,             0.17076,            0.056456,            0.033707,                   0,           0.0013793,           0.0013793,           0.0013793
                 281,            0.011542,           0.0047762,                   0,             0.47311,                 0.4,             0.44329,             0.19334,            0.054759,            0.033588,                   0,           0.0013511,           0.0013511,           0.0013511
                 282,            0.015621,           0.0059863,                   0,             0.58814,                 0.4,             0.40219,             0.17274,            0.055827,            0.033531,                   0,           0.0013229,           0.0013229,           0.0013229
                 283,            0.015122,            0.010435,                   0,             0.55956,                 0.4,             0.48273,              0.1991,            0.054679,            0.034169,                   0,           0.0012948,           0.0012948,           0.0012948
                 284,            0.027482,           0.0081464,                   0,             0.66664,             0.39997,             0.42014,             0.19878,            0.056074,            0.034491,                   0,           0.0012666,           0.0012666,           0.0012666
                 285,            0.015853,            0.007695,                   0,             0.64659,                 0.4,              0.4611,             0.20443,            0.056019,            0.035113,                   0,           0.0012384,           0.0012384,           0.0012384
                 286,            0.014794,            0.006693,                   0,             0.59674,             0.29674,             0.42518,             0.18634,            0.056737,            0.035269,                   0,           0.0012102,           0.0012102,           0.0012102
                 287,            0.018078,           0.0065681,                   0,             0.66058,                 0.4,             0.43465,             0.18898,            0.056886,            0.035155,                   0,           0.0011821,           0.0011821,           0.0011821
                 288,            0.012602,           0.0052034,                   0,             0.57039,             0.39855,             0.42747,             0.18398,            0.058203,            0.035222,                   0,           0.0011539,           0.0011539,           0.0011539
                 289,            0.012414,            0.007598,                   0,             0.56431,                 0.4,             0.42723,             0.17743,            0.056731,            0.035861,                   0,           0.0011257,           0.0011257,           0.0011257
